player_a,player_a_name,player_b,player_b_name,table,table_name,M0|Миссия 1,M1|Миссия 2,M2|Миссия 3,M3|Миссия 4,M4|Миссия 5,M5|Миссия 6,M6|Миссия 7,M7|Миссия 8,M8|Миссия 9
0,Наш игрок 1,0,Соперник 1,0,Стол 1,,,,,,,,,
0,Наш игрок 1,0,Соперник 1,1,Стол 2,,,,,,,,,
0,Наш игрок 1,0,Соперник 1,2,Стол 3,,,,,,,,,
0,Наш игрок 1,1,Соперник 2,0,Стол 1,,,,,,,,,
0,Наш игрок 1,1,Соперник 2,1,Стол 2,,,,,,,,,
0,Наш игрок 1,1,Соперник 2,2,Стол 3,,,,,,,,,
0,Наш игрок 1,2,Соперник 3,0,Стол 1,,,,,,,,,
0,Наш игрок 1,2,Соперник 3,1,Стол 2,,,,,,,,,
0,Наш игрок 1,2,Соперник 3,2,Стол 3,,,,,,,,,
1,Наш игрок 2,0,Соперник 1,0,Стол 1,,,,,,,,,
1,Наш игрок 2,0,Соперник 1,1,Стол 2,,,,,,,,,
1,Наш игрок 2,0,Соперник 1,2,Стол 3,,,,,,,,,
1,Наш игрок 2,1,Соперник 2,0,Стол 1,,,,,,,,,
1,Наш игрок 2,1,Соперник 2,1,Стол 2,,,,,,,,,
1,Наш игрок 2,1,Соперник 2,2,Стол 3,,,,,,,,,
1,Наш игрок 2,2,Соперник 3,0,Стол 1,,,,,,,,,
1,Наш игрок 2,2,Соперник 3,1,Стол 2,,,,,,,,,
1,Наш игрок 2,2,Соперник 3,2,Стол 3,,,,,,,,,
2,Наш игрок 3,0,Соперник 1,0,Стол 1,,,,,,,,,
2,Наш игрок 3,0,Соперник 1,1,Стол 2,,,,,,,,,
2,Наш игрок 3,0,Соперник 1,2,Стол 3,,,,,,,,,
2,Наш игрок 3,1,Соперник 2,0,Стол 1,,,,,,,,,
2,Наш игрок 3,1,Соперник 2,1,Стол 2,,,,,,,,,
2,Наш игрок 3,1,Соперник 2,2,Стол 3,,,,,,,,,
2,Наш игрок 3,2,Соперник 3,0,Стол 1,,,,,,,,,
2,Наш игрок 3,2,Соперник 3,1,Стол 2,,,,,,,,,
2,Наш игрок 3,2,Соперник 3,2,Стол 3,,,,,,,,,
